<?xml version="1.0" encoding="UTF-8"?>
<project-private xmlns="http://www.netbeans.org/ns/project-private/1">
    <editor-bookmarks xmlns="http://www.netbeans.org/ns/editor-bookmarks/2" lastBookmarkId="0"/>
    <open-files xmlns="http://www.netbeans.org/ns/projectui-open-files/2">
        <group>
            <file>file:/C:/Users/ferna/OneDrive/Documentos/NetBeansProjects/examen2/src/examen2/Entry.java</file>
            <file>file:/C:/Users/ferna/OneDrive/Documentos/NetBeansProjects/examen2/src/examen2/HashTable.java</file>
            <file>file:/C:/Users/ferna/OneDrive/Documentos/NetBeansProjects/examen2/src/examen2/PSNUsers.java</file>
            <file>file:/C:/Users/ferna/OneDrive/Documentos/NetBeansProjects/examen2/src/examen2/userManagement.java</file>
            <file>file:/C:/Users/ferna/OneDrive/Documentos/NetBeansProjects/examen2/src/examen2/swing.java</file>
            <file>file:/C:/Users/ferna/OneDrive/Documentos/NetBeansProjects/examen2/src/examen2/playerInfo.java</file>
            <file>file:/C:/Users/ferna/OneDrive/Documentos/NetBeansProjects/examen2/src/examen2/addTrophy.java</file>
        </group>
    </open-files>
</project-private>
